"","영화명","배우"
"1","명량","최민식 류승룡 조진웅 김명곤 진구 이정현 권율"
"2","극한직업","류승룡 이하늬 진선규 이동휘 공명 양현민 장진희"
"3","신과함께-죄와 벌","하정우 차태현 주지훈 김향기 마동석 김동욱 도경수"
"4","국제시장","황정민 김윤진 오달수 정진영 장영남 라미란 김슬기"
"5","베테랑","황정민 유아인 유해진 오달수 장윤주 김시후 오대환"
"6","괴물","송강호 변희봉 박해일 배두나 고아성 오달수 박노식"
"7","도둑들","김윤석 김혜수 이정재 전지현 임달화 김해숙 오달수"
"8","7번방의 선물","류승룡 박신혜 갈소원 정진영 오달수 박원상 김정태"
"9","암살","전지현 이정재 하정우 오달수 조진웅 이경영 최덕문"
"10","광해, 왕이 된 남자","이병헌 류승룡 한효주 장광 김인권 심은경 김명곤"
"11","왕의 남자","감우성 이준기 유해진 정진영 박영수 강성연 이건우"
"12","신과함께-인과 연","하정우 주지훈 김향기 마동석 김동욱 이정재 김기태"
"13","택시운전사","이수민 송강호 토마스 크레취만 유해진 류준열 박혁권 최귀화"
"14","태극기 휘날리며","장동건 원빈 이은주 조원희 이장욱 이영란 정희준"
"15","부산행","공유 김정희 정유미 김율호 마동석 최우식 안소희"
"16","해운대","설경구 하지원 박중훈 엄정화 이민기 강대규 김원영"
"17","변호인","송강호 김영애 오달수 곽도원 임시완 송영창 정원중"
"18","실미도","설경구 안성기 허준호 정재영 임원희 강성진 강신일"
"19","기생충","송강호 이선균 조여정 최우식 박소담 이정은 장혜진"
"20","검사외전","황정민 강동원 이성민 박성웅 김응수 신소율 주진모"
"21","엑시트","조정석 윤아 고두심 박인환 김지영 강기영 오희준"
"22","설국열차","크리스 에반스 송강호 에드 해리스 존 허트 틸다 스윈튼 제이미 벨 옥타비아 스펜서"
"23","관상","송강호 이정재 백윤식 조정석 이종석 김혜수 신기원"
"24","해적: 바다로 간 산적","김남길 손예진 유해진 이경영 오달수 김태우 박철민"
"25","수상한 그녀","심은경 나문희 박인환 성동일 이진욱 김현숙 황정민"
"26","국가대표","하정우 성동일 김지석 김동욱 최재환 이재응 이은성"
"27","디워","브룩스 아만다 베어 제이슨 NA NA NA NA NA"
"28","과속스캔들","차태현 박보영 왕석현 임지규 황우슬혜 정원중 김기방"
"29","웰컴 투 동막골","신하균 정재영 강혜정 류덕환 임하룡 강남석 조혜진"
"30","공조","현빈 유해진 김주혁 장영남 이해영 윤아 이동휘"
"31","히말라야","황정민 정우 조성하 김인권 라미란 김원해 이해영"
"32","밀정","송강호 공유 한지민 츠루미 신고 엄태구 신성록 서영주"
"33","최종병기 활","박해일 류승룡 김무열 문채원 이한위 김구택 이경영"
"34","써니","유호정 심은경 강소라 고수희 홍진희 강지원 김민영"
"35","화려한 휴가","김상경 이창민 안성기 이요원 이준기 박철민 송진호"
"36","1987","김윤석 하정우 유해진 김태리 박희순 이희준 설경구"
"37","베를린","하정우 한석규 류승범 전지현 이경영 최무성 곽도원"
"38","마스터","이병헌 강동원 김우빈 엄지원 박해수 오달수 진경"
"39","터널","하정우 배두나 오달수 김종수 임한빈 정민희 송민석"
"40","내부자들","이병헌 조승우 백윤식 이경영 김홍파 배성우 조재윤"
"41","인천상륙작전","김정철 이정재 이범수 리암 니슨 진세연 정준호 박철민"
"42","럭키","유해진 이준 조윤희 임지연 전혜빈 이동휘 박선용"
"43","은밀하게 위대하게","김수현 박기웅 이현우 손현주 박혜숙 김성균 고창석"
"44","곡성","곽도원 황정민 쿠니무라 준 천우희 김환희 허진 장소연"
"45","범죄도시","마동석 윤계상 조재윤 최귀화 박상규 유지연 최성재"
"46","타짜","조승우 김혜수 백윤식 유해진 김응수 김상호 김윤석"
"47","좋은 놈, 나쁜 놈, 이상한 놈","송강호 이병헌 정우성 오달수 엄지원 김광일 손병호"
"48","늑대소년","송중기 박보영 장영남 유연석 김향기 장서이 한민혁"
"49","미녀는 괴로워","김아중 주진모 김현숙 신미영 김원 조아영 신정원"
"50","군함도","황정민 김규백 명인호 소지섭 송중기 이정현 김수안"
"51","백두산","이병헌 하정우 마동석 전혜진 배수지 김연교 정윤하"
"52","아저씨","원빈 김새론 김희원 김성오 김호연 류성훈 김효민"
"53","사도","송강호 유아인 문근영 전혜진 김해숙 박원상 진지희"
"54","전우치","강동원 임수정 김윤석 유해진 염정아 김시권 주진모"
"55","투사부일체","정준호 정웅인 김상중 김응수 임성민 박용식 최윤영"
"56","연평해전","김무열 김율호 진구 이현우 이완 이청아 천민희"
"57","쉬리","한석규 최민식 송강호 김윤진 윤주상 박용우 조덕현"
"58","청년경찰","박서준 강하늘 박승호 성동일 한도진 박하선 정다은"
"59","가문의 위기(가문의 영광2)","신현준 김수미 김원희 최은주 김효진 박은혜 임형준"
"60","숨바꼭질","손현주 문정희 전미선 장채린 김수안 김원해 노수산나"
"61","덕혜옹주","손예진 박해일 윤제문 라미란 정상훈 박수영 김소현"
"62","더 테러 라이브","하정우 이경영 전혜진 이다윗 이재관 이춘연 장성환"
"63","감시자들","설경구 정우성 한효주 진경 이준호 임달화 손민석"
"64","의형제","송강호 강동원 전국환 박혁권 윤희석 최정우 정인기"
"65","검은 사제들","김윤석 강동원 박소담 김병옥 김의성 이호재 남일우"
"66","안시성","이태진 조인성 신현숙 남주혁 박성웅 김경희 배성우"
"67","더 킹","조인성 정우성 배성우 김아중 류준열 김의성 김민재"
"68","완득이","김윤석 유아인 김효숙 조병찬 조세현 정한진 강별"
"69","완벽한 타인","유해진 조진웅 이서진 염정아 김지수 송하윤 윤경호"
"70","살인의 추억","송강호 김상경 김뢰하 정인선 한충환 김효성 이강산"
"71","타워","설경구 손예진 김상경 김인권 도지한 안성기 이한위"
"72","말아톤","조승우 김미숙 이진영 허자경 석명홍 정철우 이민숙"
"73","추격자","김윤석 하정우 서영희 박효주 김유정 최정우 정인기"
"74","독전","조진웅 류준열 김주혁 김성령 박해준 차승원 이주영"
"75","공작","황정민 이성민 조진웅 주지훈 김대현 이경호 이기용"
"76","동갑내기 과외하기","김하늘 권상우 공유 김지우 백일섭 김혜옥 김자옥"
"77","바람과 함께 사라지다","차태현 오지호 민효린 성동일 신정근 고창석 송종호"
"78","봉오동 전투","유해진 류준열 조우진 키타무라 카즈키 이케우치 히로유키 박지환 최유화"
"79","조선명탐정 : 각시투구꽃의 비밀","김명민 김호연 한지민 오달수 김영훈 백성기 지승현"
"80","군도: 민란의 시대","하정우 강동원 최귀화 이성민 조진웅 마동석 윤지혜"
"81","범죄와의 전쟁: 나쁜놈들 전성시대","최민식 하정우 조진웅 마동석 곽도원 김성균 박성광"
"82","신세계","이정재 최민식 황정민 박성웅 송지효 정영기 이경영"
"83","도가니","정유미 공유 허재호 송은정 임현성 최진호 박진우"
"84","내 아내의 모든 것","임수정 이선균 류승룡 이달형 이진희 김도균 김선일"
"85","판도라","김남길 김영애 문정희 정진영 이경영 강신일 김대명"
"86","나쁜 녀석들: 더 무비","마동석 김상중 김아중 장기용 강예원 김대영 박형수"
"87","연가시","김명민 강지원 문정희 김동완 이하늬 강신일 최일화"
"88","강철비","정우성 곽도원 김갑수 김의성 이경영 조우진 정원중"
"89","강철중: 공공의 적 1-1","설경구 정재영 강신일 유해진 탁트인 이상현 김윤성"
"90","아가씨","김민희 김태리 하정우 조진웅 김해숙 문소리 최병모"
"91","용의자","공유 박희순 조성하 유다인 김성균 조재윤 김민재"
"92","건축학개론","엄태웅 한가인 이제훈 배수지 고준희 조정석 박지은"
"93","태풍","김혜정 김원진 이정재 이미연 추현경 장동건 허욱"
"94","7급 공무원","김하늘 강지환 유승목 강규영 김민국 강신일 장남열"
"95","색즉시공","임창정 하지원 최성국 유채영 박준규 김두원 신순식"
"96","댄싱퀸","황정민 엄정화 정성화 오나라 박정민 박사랑 임호걸"
"97","우리 생애 최고의 순간","문소리 김정은 엄태웅 김지영 조은지 이미도 조영진"
"98","꾼","현빈 유지태 배성우 박성웅 나나 안세하 최덕문"
"99","타짜-신의 손","최승현 신세경 곽도원 유해진 김윤석 이하늬 김인권"
"100","공공의 적 2","설경구 정준호 유해진 강경덕 박웅 강신일 홍지연"
"101","박수건달","박신양 김정태 엄지원 정혜영 김성균 최일화 최지호"
"102","한반도","조재현 안성기 차인표 문성근 김응수 김광일 최종원"
"103","조선명탐정 : 사라진 놉의 딸","김명민 오달수 이연희 강다현 전건익 정명철 박지선"
"104","역린","현빈 정재영 조정석 한지민 조재현 박성웅 김성령"
"105","남한산성","이병헌 김윤석 박해일 고수 박희순 조우진 박주운"
"106","암수살인","김윤석 주지훈 문정희 진선규 이재현 이윤재 김종수"
"107","쌍화점","조인성 주진모 송지효 심지호 임주환 여욱환 송중기"
"108","국가부도의 날","김혜수 유아인 허준호 조우진 뱅상 카셀 이원희 이은주"
"109","신기전","정재영 한은정 안성기 허준호 김명수 신정근 조원희"
"110","82년생 김지영","정유미 공유 김미경 공민정 박성연 이봉련 김성철"
"111","친절한 금자씨","이영애 최민식 권예영 김시후 남일우 김병옥 오달수"
"112","귀향","손숙 강하나 서미지 최리 정인기 오지혜 김시은"
"113","신의 한 수","정우성 안성기 이범수 김인권 이시영 안길강 최진혁"
"114","스캔들-조선남녀상열지사","배용준 전도연 이미숙 이소연 조현재 이미지 조유나"
"115","가문의 부활 - 가문의 영광3","신현준 김원희 김수미 탁재훈 김도연 김응수 강병조"
"116","부러진 화살","안성기 박원상 나영희 김지호 이승훈 이춘연 이홍표"
"117","끝까지 간다","이선균 조진웅 신정근 정만식 신동미 김동영 박보검"
"118","스파이","설경구 문소리 다니엘 헤니 고창석 한예리 라미란 서승인"
"119","그것만이 내 세상","이병헌 윤여정 박정민 한지민 김성령 이주영 최리"
"120","이끼","정재영 박해일 유준상 유선 허준호 유해진 김상호"
"121","돈","류준열 유지태 조우진 원진아 박명신 이화룡 오희준"
"122","포화속으로","차승원 권상우 최승현 김승우 김혜성 신현탁 문재원"
"123","악인전","마동석 김무열 김성규 문동혁 오희준 민무제 문순주"
"124","아이 캔 스피크","나문희 이제훈 박철민 염혜란 성유빈 김소진 이상희"
"125","마녀","김다미 조민수 박희순 최우식 백승철 김하나 이강곤"
"126","탐정: 리턴즈","권상우 성동일 이광수 서영희 이일화 남명렬 손담비"
"127","어린 신부","김래원 김보경 안선영 문근영 진경 김혜옥 김인문"
"128","오! 브라더스","이정재 이범수 류용진 박유진 노정환 한우진 김대진"
"129","장화, 홍련","임수정 문근영 염정아 김갑수 이영실 김송이 이대연"
"130","그놈 목소리","설경구 김남주 김영철 강동원 송영창 고수희 김광규"
"131","우리들의 행복한 시간","강동원 이나영 윤여정 김지영 최정우 조민기 강신일"
"132","퀵","이새별 고창석 강예원 이민기 김인권 김원영 홍승록"
"133","감기","장혁 수애 박민하 유해진 이희준 김기현 이상엽"
"134","말죽거리 잔혹사","권상우 이정진 한가인 김인권 박효준 이종혁 백봉기"
"135","광복절 특사","차승원 송윤아 설경구 김형일 유해진 김희준 강신일"
"136","마파도","김수미 여운계 이정진 이문식 오달수 유해진 홍성훈"
"137","하모니","김윤진 김호연 나문희 강예원 이다희 장영남 박준면"
"138","거북이 달린다","김윤석 정경호 견미리 선우선 서동수 이효권 최수현"
"139","너는 내 운명","전도연 황정민 나문희 서주희 윤제문 김상호 이민아"
"140","스물","김우빈 이준호 강하늘 정덕희 주창욱 권지훈 오하늬"
"141","식객","김강우 이하나 이태리 임원희 김성원 함영희 김효석"
"142","방자전","김주혁 류승범 조여정 류현경 오달수 송새벽 오정세"
"143","마더","김혜자 원빈 진구 윤제문 최재원 전미선 송새벽"
"144","오싹한 연애","손예진 이민기 신동훈 김혜숙 조아라 박재우 태리"
"145","형","조정석 도경수 박신혜 권지훈 김승아 김진희 이연수"
"146","친구 2","유오성 주진모 김우빈 김미진 최종석 한기준 문혜지"
"147","26년","진구 한혜진 임슬옹 배수빈 이경영 장광 천우희"
"148","고지전","신하균 고수 이제훈 류승수 고창석 이다윗 류승룡"
"149","프리즌","한석규 김래원 정웅인 조재윤 신성록 곽민호 박영준"
"150","가장 보통의 연애","김래원 공효진 강기영 정웅인 장소연 주민경 오동민"
"151","헬로우 고스트","차태현 강예원 이문수 고창석 장영남 천보근 신성일"
"152","귀신이 산다","김응수 장서희 차승원 김서현 최기웅 유대현 김성미"
"153","말모이","유해진 윤계상 김홍파 우현 김선영 민진웅 이성욱"
"154","극비수사","김윤석 유해진 송영창 장영남 정호빈 이준혁 이종일"
"155","표적","류승룡 유준상 이진욱 김성령 조여정 조은지 진구"
"156","너의 결혼식","박보영 김영광 강기영 장성범 고규필 서은수 차엽"
"157","황산벌","박중훈 정진영 오지명 김병철 김선아 김윤태 이문식"
"158","부당거래","황정민 김승훈 류승범 유해진 천호진 마동석 김원범"
"159","1번가의 기적","하지원 임창정 강예원 정두홍 박용주 신윤주 남동협"
"160","시라노; 연애조작단","엄태웅 이민정 최다니엘 박신혜 박철민 전아민 송새벽"
"161","내가 살인범이다","정재영 박시후 최원영 김영애 정건영 장규미 장금단"
"162","소원","설경구 엄지원 이레 김해숙 김상호 라미란 양진성"
"163","친구","유오성 장동건 서태화 정운택 기주봉 이은주 김보경"
"164","곤지암","위하준 박지현 오아연 문예원 박성훈 이승욱 유제윤"
"165","살인자의 기억법","설경구 김남길 설현 오달수 이현명 장정윤 전동성"
"166","후궁 : 제왕의 첩","조여정 김동욱 김민준 조은지 박지영 이경영 박철민"
"167","탐정 : 더 비기닝","권상우 성동일 박해준 이승준 조복래 오정세 박준면"
"168","지금 만나러 갑니다","소지섭 손예진 김지환 고창석 이유진 김현수 배유람"
"169","위험한 상견례","송새벽 이시영 백윤식 김수미 박철민 강동호 손대구"
"170","아수라","정우성 김현빈 황정민 주지훈 곽도원 정만식 김원해"
"171","보안관","이성민 조진웅 김성균 김종수 조우진 임현성 배정남"
"172","굿모닝 프레지던트","한동학 장동건 이순재 고두심 한채영 허정규 송기관"
"173","음란서생","한석규 이범수 김민정 오달수 김뢰하 안내상 김기현"
"174","내 머리 속의 지우개","정우성 손예진 데이비드 맥기니스 김부선 정광재 최기호 박경진"
"175","기술자들","김우빈 김영철 고창석 이현우 조윤희 임주환 조달환"
"176","증인","정우성 김향기 이규형 염혜란 장영남 정원중 김종수"
"177","내 생애 가장 아름다운 일주일","황정민 엄정화 김유정 김윤석 진태현 임창정 정경호"
"178","시동","마동석 박정민 정해인 염정아 최성은 김종수 이해운"
"179","목격자","이성민 김상호 진경 곽시양 이동희 김재철 이재남"
"180","조작된 도시","지창욱 심은경 안재홍 오정세 김상호 김민교 김기천"
"181","공동경비구역 JSA","송강호 이병헌 이영애 신하균 김태우 김광일 이종용"
"182","우리 형","원빈 조성제 신하균 김해숙 김석 김정태 이보영"
"183","블랙머니","조진웅 이하늬 이경영 강신일 최덕문 조한철 허성태"
"184","반창꼬","고수 한효주 마동석 김성오 쥬니 진서연 장원종"
"185","박수칠 때 떠나라","차승원 신하균 김지수 박정아 박은주 조정진 인정주"
"186","선생 김봉두","차승원 김석 김용선 변희봉 성지루 김응수 김미란"
"187","조선명탐정: 흡혈괴마의 비밀","김명민 오달수 김지원 김범 이민기 지웅배 이대현"
"188","화차","이선균 김민희 조성하 송하윤 차수연 임남숙 임순옥"
"189","이웃사람","김윤진 마동석 천호진 김성균 김새론 임하룡 장영남"
"190","광식이 동생 광태","김주혁 봉태규 이요원 김아중 정경호 최은정 민도기"
"191","재심","정우 강하늘 김해숙 이동휘 한재영 이경영 박희정"
"192","사바하","이정재 박정민 이재인 유지태 정진영 진선규 이다윗"
"193","화이: 괴물을 삼킨 아이","여진구 김윤석 조진웅 장현성 김성균 박해준 임지은"
"194","의뢰인","박희순 장혁 하정우 유다인 박원재 손인용 허재호"
"195","가문의 영광4 - 가문의 수난","김수미 신현준 임형준 정준하 탁재훈 현영 허필봉"
"196","블라인드","김하늘 유승호 조희봉 양영조 최지호 조은서 박주혜"
"197","박열","이제훈 최희서 김인우 권율 민진웅 이형석 박진성"
"198","맨발의 기봉이","신현준 김수미 김효진 오수현 정구영 강낙호 최진용"
"199","바람의 파이터","양동근 히라야마 아야 허명행 정두홍 송혁재 주경탁 김대우"
"200","작업의 정석","손예진 송일국 김애경 박용우 안선영 박준규 신주연"
"201","첫사랑 사수 궐기 대회","차태현 손예진 김성민 강남규 신선영 박환수 이상호"
"202","미인도","김민선 김영호 김남길 추자현 한명구 이성훈 강민호"
"203","라스트 갓파더","심형래 마이클 리스폴리 하비 케이틀 제이슨 미웨스 조셀린 도나휴 안소희 우혜림"
"204","주유소 습격사건","이성재 유오성 강성진 유지태 박영규 정준 이요원"
"205","하녀","전도연 이정재 윤여정 서우 박지영 안서현 황정민"
"206","달콤, 살벌한 연인","박용우 최강희 정경호 박준오 이광우 김권태 유주희"
"207","혈의 누","차승원 박용우 지성 윤세아 최종원 박철민 유해진"
"208","극락도 살인사건","박해일 박솔미 송혁조 최지용 정병욱 황태민 김광수"
"209","위대한 유산","김선아 임창정 최무인 송은정 홍금봉 신성아 김대중"
"210","7광구","하지원 박철민 김성태 차예련 이한위 오지호 송새벽"
"211","박쥐","송강호 김옥빈 신하균 김해숙 송영창 오달수 박인환"
"212","타짜: 원 아이드 잭","박정민 류승범 최유화 우현 윤제문 이광수 임지연"
"213","싱글즈","장진영 엄정화 김주혁 이범수 김광일 김영재 이상윤"
"214","마당을 나온 암탉","문소리 박철민 최민식 유승호 홍윤정 김한솔 NA"
"215","내 여자친구를 소개합니다","전지현 장혁 김정태 정호빈 오정세 김창완 김광규"
"216","댄서의 순정","박건형 김은경 문근영 김지영 임진승 최진석 박현규"
"217","악의 연대기","손현주 마동석 최다니엘 박서준 이준혁 이태호 이현우"
"218","강남 1970","이민호 김래원 정진영 설현 유승목 한재영 이연두"
"219","바르게 살자","정재영 손병호 주진모 김민진 김규철 이새봄 임지은"
"220","늑대의 유혹","강동원 이청아 조한선 이명수 정혜영 김현진 박용두"
"221","황해","김윤석 하정우 조성하 이철민 박윤호 김기석 박재홍"
"222","초능력자","김한나 강동원 고수 정은채 윤다경 최덕문 김수남"
"223","내 사랑 내 곁에","하지원 김명민 남능미 임하룡 최종률 신신애 임종윤"
"224","신의 한 수: 귀수편","권상우 김희원 김성균 허성태 우도환 원현준 홍기준"
"225","마이 웨이","장동건 오다기리 죠 판빙빙 강남현 조동혁 김효연 김홍근"
"226","나의 사랑 나의 신부","조정석 신민아 윤정희 이상희 전예원 조아라 김광수"
"227","범죄의 재구성","김윤석 박신양 주진모 염정아 이기철 백윤식 이문식"
"228","사랑","주진모 박시연 김민준 김혜정 최지은 임성규 주현"
"229","세븐 데이즈","김윤진 김미숙 박희순 최무성 장항선 양진우 정동환"
"230","굿바이 싱글","김혜수 마동석 김현수 김용건 서현진 곽시양 전석호"
"231","사생결단","류승범 황정민 이수현 김혜정 박영수 추자현 민도기"
"232","몽타주","엄정화 김상경 송영창 조희봉 정해균 유승목 이정환"
"233","색즉시공 시즌2","임창정 송지효 최성국 신이 김태호 김형일 정혜윤"
"234","명당","조승우 지성 김성균 백윤식 문채원 유재명 박충선"
"235","내부자들: 디 오리지널","신지수 이병헌 조승우 백윤식 이경영 김홍파 배성우"
"236","쩨쩨한 로맨스","이선균 최강희 류현경 오정세 석정현 조성환 송유하"
"237","청춘만화","권상우 김하늘 이상우 강기화 김효경 홍수연 김희숙"
"238","눈에는 눈 이에는 이","한석규 차승원 송영창 김윤태 이병준 김혜정 박영찬"
"239","뷰티 인사이드","한효주 김대명 도지한 배성우 박신혜 이범수 박서준"
"240","봉이 김선달","유승호 조재현 고창석 라미란 시우민 연우진 전석호"
"241","아라한 장풍대작전","류승범 윤소이 안성기 김수현 김지영 허명행 김효선"
"242","비열한 거리","조인성 천호진 김원진 남궁민 이보영 진구 윤제문"
"243","시실리 2km","권오중 김윤석 임은경 임창정 주진모 최원석 정소연"
"244","남자가 사랑할 때","황정민 한혜진 곽도원 정만식 손세빈 백동현 이확광"
"245","효자동 이발사","문소리 송강호 주진모 이재응 오달수 노형욱 류승수"
"246","협상","현빈 손예진 김상호 장영남 장광 조영진 이문식"
"247","가족","수애 주현 박지빈 박희순 박상영 정욱 박상우"
"248","애자","김성태 최강희 김영애 소주영 허서영 박용제 박윤남"
"249","내안의 그놈","오윤수 박성웅 진영 라미란 이수민 이준혁 김광규"
"250","잠복근무","김원진 공유 김선아 하정우 이범수 남상미 강경희"
"251","그림자 살인","송요셉 황정민 류덕환 오달수 엄지원 홍서백 홍의정"
"252","오늘의 연애","이승기 문채원 이서진 장진우 이경진 이동진 임하룡"
"253","글러브","강신일 김미경 김혜성 유선 정재영 조진웅 장기범"
"254","라디오 스타","박중훈 안성기 김현아 강광원 함수연 손덕배 허민희"
"255","해결사","이영수 설경구 이정진 오달수 주진모 문정희 송새벽"
"256","코리아","하지원 배두나 한예리 최윤영 박철민 김응수 오정세"
"257","아이들...","박용우 류승룡 성동일 성지루 김여진 박병은 주진모"
"258","연애의 온도","이민기 김민희 최무성 라미란 장영준 정여진 조치언"
"259","마약왕","송강호 조정석 배두나 김소진 김대명 이희준 조우진"
"260","구세주","최성국 신이 김수미 박준규 이상현 강민서 김장호"
"261","조폭마누라2-돌아온 전설","신은경 박준규 이원종 김영호 장세진 홍수아 김무현"
"262","노무현입니다","노무현 이상호 NA NA NA NA NA"
"263","집으로 가는 길","전도연 고수 류태호 조승연 최민철 조수정 박윤희"
"264","악마를 보았다","이병헌 최민식 조승민 신정훈 이준혁 김시운 남보라"
"265","바람피기 좋은 날","김혜수 윤진서 이종혁 이민기 김도연 한혜선 송정은"
"266","나의 PS 파트너","지성 김아중 신소율 강경준 김성오 정수영 문지윤"
"267","뺑반","공효진 류준열 조정석 염정아 전혜진 손석구 김기범"
"268","흡혈형사 나도열","김수로 조여정 김은경 최윤경 이동은 윤신애 백민정"
"269","변신","배성우 성동일 장영남 김혜준 조이현 김강훈 정윤하"
"270","차우","엄태웅 정유미 윤제문 권영국 김기천 박혁권 강구현"
"271","목포는 항구다","김윤태 차인표 조재현 김현정 송선미 박원서 방선진"
"272","아내가 결혼했다","손예진 김주혁 주상욱 이주실 천성훈 오정세 김병춘"
"273","여고괴담 세번째 이야기: 여우계단","송지효 박한별 박지연 조안 홍수아 신유민 홍지혜"
"274","공범","손예진 김갑수 임형준 이규한 조안 강신일 유원선"
"275","대호","최민식 정만식 김상호 성유빈 오스기 렌 정석원 김홍파"
"276","제보자","박해일 유연석 이경영 박원상 류현경 송하윤 김강현"
"277","거룩한 계보","정재영 정준호 류성훈 김상일 주진모 박용민 김향배"
"278","전설의 주먹","황정민 유준상 이요원 윤제문 정웅인 성지루 지우"
"279","연애의 목적","강혜정 박해일 이대연 박그리나 이현정 박준명 박혜영"
"280","엽기적인 그녀","전지현 차태현 한진희 김인문 김일우 양금석 임호"
"281","주먹이 운다(Crying Fist)","최민식 류승범 임원희 변희봉 나문희 기주봉 오달수"
"282","러브픽션","하정우 공효진 이병준 지진희 유인나 최유화 전수지"
"283","평양성","정진영 이문식 류승룡 윤제문 선우선 이광수 신정근"
"284","파파로티","한석규 이제훈 오달수 조진웅 강소라 이재용 채성원"
"285","쎄시봉","김윤석 정우 한효주 김희애 진구 장현성 강하늘"
"286","님은 먼 곳에","수애 정진영 정경호 주진모 조미령 홍영승 한성수"
"287","품행제로","류승범 공효진 임은경 김광일 이민호 제이 김동희"
"288","조폭마누라3","최령 이범수 서기 심정호 안광남 김도영 민성주"
"289","불꽃처럼 나비처럼","최경원 조승우 수애 천호진 김선화 최재웅 남현정"
"290","알포인트","감우성 손병호 박원상 오태경 이선균 손진호 문영동"
"291","피끓는 청춘","박보영 이종석 이세영 김영광 신현탁 우혜영 장세준"
"292","PMC: 더 벙커","하정우 이선균 제니퍼 엘 이상원 민무제 강신철 손성찬"
"293","공모자들","임창정 최다니엘 오달수 조윤희 조달환 정지윤 최일화"
"294","임금님의 사건수첩","이선균 안재홍 김희원 주진모 장영남 경수진 정해인"
"295","고死 : 피의 중간고사","이범수 남규리 김범 박우람 조기원 김형진 권현상"
"296","걸캅스","라미란 이성경 윤상현 최수영 염혜란 위하준 주우재"
"297","두근두근 내 인생","김승욱 송혜교 강동원 조성목 백일섭 황석정 안현정"
"298","권순분여사 납치사건","김서현 강성진 유해진 나문희 강경덕 김홍택 신승훈"
"299","우아한 거짓말","김희애 고아성 김유정 김향기 유아인 강다영 강다정"
"300","무방비도시","김명민 손예진 김해숙 김준배 김정태 홍의정 김병옥"
"301","하울링","송강호 이여진 이나영 박민규 이태리 임현성 정진"
"302","복면달호","차태현 임채무 이소연 정석용 이병준 조영호 최현주"
"303","사자","박서준 안성기 우도환 이승준 최우식 박진주 박지현"
"304","신라의 달밤","김혜수 이성재 차승원 김보선 김응수 황재석 유해진"
"305","가문의 영광","김정은 정준호 유동근 박근형 성지루 박상욱 박정규"
"306","창궐","현빈 장동건 조우진 정만식 이선빈 김의성 조달환"
"307","더 폰","손현주 엄지원 배성우 김성종 권지훈 조용관 정한빈"
"308","성난황소","마동석 송지효 김성오 김민재 박지환 이동진 이세영"
"309","간 큰 가족","감우성 김수미 김수로 김도연 조용희 김기철 김길라"
"310","집으로...","유승호 김을분 동효희 김두천 안병무 남기준 박현숙"
"311","와일드 카드","김서현 양동근 정진영 기주봉 이동규 한채영 이정인"
"312","무적자","주진모 송승헌 김강우 조한선 최재원 홍의정 이신성"
"313","원스어폰어타임","박용우 이보영 김수현 성동일 김응수 안길강 조희봉"
"314","야수와 미녀","류승범 신민아 김강우 허명행 손정민 송민석 김원중"
"315","도어락","공효진 김예원 김성오 조복래 이가섭 이천희 김동규"
"316","마파도2","김수미 김영찬 이유진 여운계 이문식 김지영 이규한"
"317","용의자X","류승범 이요원 조진웅 김윤성 김보라 이석준 임성민"
"318","클래식","손예진 조승우 조인성 이기우 서영희 김미진 이성훈"
"319","해바라기","김원진 김래원 김해숙 허이재 김정태 이승희 이준원"
"320","유감스러운 도시","정준호 최경원 정웅인 정운택 김상중 노승범 김홍식"
"321","작전","박용하 박희순 김민정 김무열 김준성 신지희 김현미"
"322","S 다이어리","공유 김광일 홍윤희 최우혁 이현우 이하나 김수로"
"323","중천","정우성 김태희 정욱 김광일 신제문 소이현 김민범"
"324","내사랑 싸가지","김재원 진태현 하지원 김지훈 한민 강정호 김상혁"
"325","퍼펙트 게임","조승우 양동근 최정원 임지훈 김동희 허형규 박용규"
"326","리틀 포레스트","김태리 류준열 문소리 진기주 홍성덕 이광용 이상준"
"327","더 게임","변희봉 손현주 신하균 이혜영 김혁 노승범 박유리"
"328","부라더","마동석 이동휘 이하늬 배준수 석정호 신은영 안백승"
"329","B형 남자친구","이동건 한지혜 김꽃비 김정우 강기화 최석주 최성은"
"330","나의 특별한 형제","신하균 이광수 이솜 박철민 권해효 길해연 양소민"
"331","해무(海霧)","김윤석 박유천 한예리 이희준 문성근 김상호 유승목"
"332","차이나타운","김혜수 김고은 엄태구 박보검 고경표 오대환 배유람"
"333","스윙키즈","도경수 박혜수 자레드 그라임스 오정세 김민호 강성호 고창희"
"334","홀리데이","이성재 최민수 서경화 김동현 문영동 김원중 최지웅"
"335","각설탕","임수정 박은수 김유정 김광규 박길수 정경호 유오성"
"336","인간중독","송승헌 임지연 조여정 온주완 유해진 이승준 임경민"
"337","궁녀","박진희 윤세아 김남진 김미경 김윤아 류정아 김현아"
"338","주홍글씨","성현아 한석규 이은주 변혁 엄지원 김중기 정인기"
"339","탐정 홍길동: 사라진 마을","이제훈 김성균 박근형 정성화 고아라 노정의 김하나"
"340","런닝맨","김혜란 신하균 이태리 김상호 조은지 오정세 주현"
"341","조폭마누라","신은경 박상면 안재모 권용운 최은주 조규완 안성민"
"342","검은 집","김혜정 황정민 유선 송찬호 최정자 강신일 최찬민"
"343","구르믈 버서난 달처럼","황정민 류성훈 차승원 한지혜 백성현 신영훈 김영훈"
"344","허브","강혜정 정경호 배종옥 이미영 이영유 황선화 심태윤"
"345","똥개","정우성 엄지원 김명진 김정태 허욱 나수원 박태호"
"346","기억의 밤","강하늘 김무열 문성근 나영희 최고 박윤식 박재영"
"347","골든슬럼버","강동원 김의성 한효주 김성균 김대명 윤계상 이준혁"
"348","역도산","설경구 이명수 유병훈 NA NA NA NA"
"349","브이아이피","강소백 장동건 김명민 박희순 이종석 임보라 박재웅"
"350","분홍신","김혜수 김성수 박연아 송보경 박지은 박선혜 최윤영"
"351","특별시민","최민식 곽도원 심은경 문소리 라미란 류혜영 이기홍"
"352","차형사","강지환 성유리 이수혁 김영광 신민철 손현우 윤봉길"
"353","은교","박해일 김무열 김고은 이후빈 임민경 김재준 정만식"
"354","궁합","심은경 이승기 김상경 연우진 강민혁 최우식 조복래"
"355","미스터 고","서교 성동일 이훈민 임동욱 임승묵 임왕섭 천재성"
"356","청담보살","임창정 박예진 이준혁 박주연 주성민 김규동 박경진"
"357","사라진 밤","김상경 김강우 김희애 서현우 이민지 이윤재 이지훈"
"358","싸움의 기술","백윤식 재희 김응수 허종수 송승현 김무유 최여진"
"359","간첩","김명민 염정아 유해진 변희봉 정겨운 정만식 이승호"
"360","장산범","염정아 박혁권 허진 신린아 방유설 이준혁 이달"
"361","만남의 광장","임창정 박진희 김수미 류승범 최우혁 최무인 서태민"
"362","못말리는 결혼","김수미 김애경 유진 하석진 임채무 윤다훈 김경욱"
"363","최강로맨스","이동욱 현영 손승진 정현 박진호 류성열 마창일"
"364","킹콩을 들다","이범수 조안 김민영 송재희 박준규 박지은 박진희"
"365","달마야, 서울 가자","김지영 신현준 유해진 이성호 정진영 윤지연 이원종"
"366","달콤한 인생","이병헌 김영철 신민아 김뢰하 이기영 오달수 진구"
"367","황진이","송혜교 유지태 류승룡 윤여정 정유미 김병철 김유정"
"368","이장과 군수","차승원 유해진 김응수 최정원 강귀호 조상범 김보라"
"369","즐거운 인생","김상호 김윤석 주진모 장근석 정진영 김호정 송재완"
"370","미스터 소크라테스","김래원 강신일 이종혁 윤태영 박성웅 정욱 이주호"
"371","달마야 놀자","박신양 정진영 박상면 이원종 김인문 강성진 김수로"
"372","간기남","박희순 박시연 주상욱 김정태 이한위 이광수 박희순"
"373","유열의 음악앨범","김고은 정해인 박해준 김국희 정유진 최준영 심달기"
"374","신부수업","하지원 권상우 김도형 오대환 김유나 김선화 김인권"
"375","특별수사: 사형수의 편지","김명민 김상호 성동일 김영애 김향기 김뢰하 박수영"
"376","퍼펙트맨","설경구 조진웅 허준호 진선규 지승현 김사랑 최지안"
"377","행복","황정민 임수정 공효진 신종민 남주현 박혜은 최명화"
"378","육혈포 강도단","나문희 김수미 김혜옥 임창정 김희원 김광규 강경헌"
"379","천군","박중훈 최경원 황정민 김승우 공효진 김응수 박완규"
"380","텔미썸딩","한석규 심은하 안석환 유준상 장항선 염정아 조승연"
"381","심야의 F.M.","수애 유지태 정혜영 김동협 제정훈 조영천 김유화"
"382","두사부일체","정준호 정웅인 정운택 송선미 오승은 박준규 강성필"
"383","찌라시: 위험한 소문","김강우 고창석 박성웅 이진호 이현민 이현민 박정우"
"384","결혼전야","김강우 김효진 주지훈 이연희 옥택연 마동석 구잘 투르수노바"
"385","깡철이","유아인 김해숙 김정태 김성오 정유미 이시언 신정근"
"386","악녀","김옥빈 신하균 성준 김서형 조은지 이승주 정해균"
"387","인사동 스캔들","김래원 엄정화 임하룡 홍수현 박영석 최호진 유성진"
"388","해빙","조진웅 신구 김대명 송영창 이청아 윤세아 박희정"
"389","그녀를 믿지 마세요","강동원 김용선 진경 김지영 김하늘 김은영 송재호"
"390","형사 Duelist","강동원 안성기 하지원 장민 함성원 이동렬 이상태"
"391","시간이탈자","임수정 조정석 이진욱 정진영 이기우 온주완 전신환"
"392","R2B: 리턴투베이스","정지훈 유준상 신세경 김성수 이하나 이종석 정경호"
"393","더 웹툰: 예고살인","이시영 엄기준 정현태 문가영 권해효 김도영 NA"
"394","생일","설경구 전도연 김보민 윤찬영 박종환 김형주 성유빈"
"395","짝패","김효선 정두홍 류승완 이범수 김꽃비 김동영 김수현"
"396","바람 바람 바람","이성민 신하균 송지효 이엘 장영남 고준 서성원"
"397","파송송 계란탁","이인성 최무인 임창정 현경선 김량진 안희성 김혜란"
"398","몽정기2","이지훈 김지영 전혜빈 박준규 김해숙 조경진 조아라"
"399","힘을 내요, 미스터 리","차승원 엄채영 박해준 김혜옥 안길강 전혜빈 류한비"
"400","빅매치","이정재 신하균 이성민 보아 김의성 손호준 강정원"
"401","여선생 VS 여제자","김응수 이지영 이지훈 이세영 염정아 정형민 김혜경"
"402","서양 골동 양과자점 앤티크","주지훈 김재욱 유아인 최지호 탁트인 김라희 조수빈"
"403","슬로우 비디오","차태현 남상미 오달수 고창석 진경 김강현 최성원"
"404","동주","강하늘 박정민 김인우 최홍일 김정팔 최희서 신윤주"
"405","당신, 거기 있어줄래요","김윤석 변요한 채서진 김상호 안세하 박혜수 김호정"
"406","돈의 맛","김강우 백윤식 윤여정 김효진 온주완 권병길 황정민"
"407","장수상회","박해빛나 박근형 윤여정 조진웅 한지민 황우슬혜 문가영"
"408","연애술사","연정훈 박진희 김용훈 최은주 박용식 정혜정 신경은"
"409","공공의 적","설경구 이성재 강신일 안내상 이문식 성지루 유해진"
"410","가문의 영광5 - 가문의 귀환","조성현 정준호 김민정 유동근 성동일 박근형 박상욱"
"411","미씽: 사라진 여자","서하늬 엄지원 공효진 강태수 김광호 김석태 김용철"
"412","용서는 없다","설경구 류승범 한혜진 성지루 박상욱 이정우 김혁"
"413","안녕, 형아","박원상 양현우 최우혁 배종옥 박지빈 강남미 정혜숙"
"414","고령화 가족","우혜진 박해일 윤제문 공효진 윤여정 진지희 이학렬"
"415","장사리 : 잊혀진 영웅들","김명민 최민호 김성철 김인권 곽시양 메간 폭스 조지 이즈"
"416","김종욱 찾기","임수정 공유 천호진 이청아 전수경 류승수 신성록"
"417","하루","김명민 변요한 유재명 조은형 신혜선 박정민 이승민"
"418","챔피언","마동석 권율 한예리 박성일 유지연 이규호 이동진"
"419","성난 변호사","오상철 이선균 김고은 임원희 장현성 최재웅 김윤혜"
"420","6년째 연애중","김하늘 윤계상 차현정 신성록 김혜옥 허자연 김란"
"421","아랑","송윤아 이동욱 김정우 최정우 손승진 조도연 백민현"
"422","특수본","우혜진 엄태웅 주원 정진영 성동일 이태임 김정태"
"423","회사원","소지섭 이미연 곽도원 김동준 이경영 한보배 정종열"
"424","간신","주지훈 김강우 천호진 임지연 이유영 김현수 문희경"
"425","령","김하늘 신이 류진 남상미 이윤지 전혜빈 김근영"
"426","베스트셀러","엄정화 류승룡 이도경 김화영 조상원 남동협 박혁"
"427","지금 사랑하는 사람과 살고 있습니까?","박용우 한채영 이동건 엄정화 허은 박인영 심준보"
"428","롱 리브 더 킹: 목포 영웅","김래원 원진아 진선규 최귀화 최무성 주진모 장지건"
"429","그때 그 사람들","한석규 백윤식 송재호 김응수 조상건 권병길 정원중"
"430","내 남자의 로맨스","김상경 박동빈 김정은 이유진 신영미 김희은 안준우"
"431","오! 해피데이","장나라 박정철 김혁 김현우 제니 송유진 김문수"
"432","오빠생각","김현빈 임시완 고아성 이희준 이준혁 정준원 이레"
"433","새드무비","신민아 염정아 임수정 정우성 차태현 조성현 김유경"
"434","날, 보러와요","강예원 이상윤 최진호 지대한 김종수 이학주 장태성"
"435","수상한 고객들","윤하 류승범 박철민 정선경 성동일 강민우 신채원"
"436","남극일기","박희순 박선주 유지태 송강호 안병근 임성민 최덕문"
"437","동창생","최승현 한예리 윤제문 조성하 김유정 배성민 백주연"
"438","시크릿","차승원 송윤아 류승룡 김수남 박효주 한아름 천지윤"
"439","그놈이다","주원 유해진 이유영 류혜영 서현우 이준혁 윤석진"
"440","마음이...","유승호 김향기 김동영 백승도 허창 형성석 김라민"
"441","점박이:한반도의 공룡3D","이형석 신용우 구자형 NA NA NA NA"
"442","서편제","김규철 최종원 오정해 김명곤 박길수 김기천 강선숙"
"443","파괴된 사나이","김명민 엄기준 박주미 이병준 김소현 이경근 박지애"
"444","오직 그대만","소지섭 한효주 김혜진 최재훈 김희승 신용철 신은진"
"445","이중간첩","한석규 고소영 강나라 서범식 이환준 이현 김병춘"
"446","우아한 세계","송강호 박지영 오달수 김혜진 최재연 박은미 김소은"
"447","김관장 대 김관장 대 김관장","권오중 최성국 조원희 신현준 김웅민 박광남 오승현"
"448","데이지","전지현 정우성 이성재 유순철 NA NA NA"
"449","야수","최령 권상우 김원진 유지태 엄지원 김윤석 박은진"
"450","심장이 뛴다","김윤진 박해일 강신일 한유빈 조윤정 조정준 박현숙"
"451","분신사바","김규리 이유리 이세은 최정윤 안성범 이경미 최성민"
"452","염력","류승룡 심은경 박정민 김민재 정유미 이승용 예수정"
"453","방황하는 칼날","이진성 정재영 이성민 서준영 박정호 박지영 박진선"
"454","강력 3반","김민준 허준호 남상미 김광일 김정태 김응수 강경덕"
"455","미쓰 와이프","엄정화 송승헌 김상호 라미란 서신애 임보경 강현구"
"456","시체가 돌아왔다","이범수 류승범 김옥빈 정만식 유다인 신정근 고창석"
"457","원더풀 라디오","이민정 이정진 이광수 서영 황보현 이범규 박지연"
"458","전국노래자랑","김인권 류현경 김수미 오광록 유연석 이초희 오현경"
"459","내 사랑","감우성 최강희 엄태웅 김민채 박정민 이은아 이연희"
"460","돈 크라이 마미","유선 남보라 유오성 동호 권현상 이해신 전진희"
"461","바보","차태현 하지원 박희순 박그리나 신동수 유윤상 임형국"
"462","고산자, 대동여지도","김율호 차승원 유준상 김인권 남지현 신동미 남경읍"
"463","우리는 형제입니다","김성균 조진웅 윤진이 김원 김지경 이효제 김병옥"
"464","천문: 하늘에 묻는다","최민식 한석규 신구 김홍파 허준호 김태우 김원해"
"465","나랏말싸미","송강호 박해일 전미선 최덕문 남문철 정해균 박동혁"
"466","백야행","한석규 손예진 고수 이민정 김정국 손소영 서동수"
"467","허삼관","하정우 하지원 전혜진 장광 주진모 성동일 이경영"
"468","점쟁이들","김수로 오상철 강예원 이제훈 곽도원 김윤혜 양경모"
"469","불한당: 나쁜 놈들의 세상","설경구 임시완 김희원 전혜진 이경영 김성오 허준호"
"470","상사부일체","손창민 박상면 김성민 강경덕 최정림 조은선 안몽식"
"471","오로라 공주","엄정화 문성근 권오중 김선화 최종원 장영진 임예숙"
"472","GP 506","천호진 조현재 이영훈 이도겸 이정헌 김병철 강남미"
"473","낭만자객","김민종 최성국 진재영 신이 허태구 김미미 신정선"
"474","평행이론","지진희 심호성 이종혁 하정우 윤세아 박병은 강동우"
"475","투 가이즈","류성훈 차태현 박중훈 정환석 송남규 최정인 박한기"
"476","뽀로로 극장판 슈퍼썰매 대모험","이선 이미자 김환진 함수정 홍소영 조현정 정미숙"
"477","불어라 봄바람","김정은 김승우 성지루 김혜옥 정현두 최장우 김보람"
"478","영어완전정복","이나영 장혁 이나영 강남영 유해진 손현숙 신경숙"
"479","크로싱","차인표 신명철 주다영 서영화 김민채 김경란 박정순"
"480","예의없는 것들","신하균 윤지혜 김민준 김응수 박선욱 정종훈 조현철"
"481","마이 파더","김영철 다니엘 헤니 안석환 최정원 김인권 송수연 김희준"
"482","인랑","강동원 한효주 정우성 김무열 최민호 한예리 신은수"
"483","누구나 비밀은 있다","김효진 이병헌 추상미 최지우 임현주 황재원 최경민"
"484","방과후 옥상","봉태규 진태현 최은주 정대훈 조민주 채현주 유지혁"
"485","돈 텔 파파","정웅인 유승호 채민서 이유진 천지윤 윤정 최우정"
"486","극장판 헬로카봇 : 백악기 시대","이지현 김용준 양정화 홍범기 엄상현 사문영 위훈"
"487","고死 두 번째 이야기: 교생실습","김수로 황정음 윤시윤 김민영 지연 박은빈 강내균"
"488","킬러들의 수다","정진영 원빈 신현준 정재영 신하균 공효진 김민교"
"489","체포왕","박중훈 이선균 김정태 강기화 손광익 손정희 신정호"
"490","열한시","정재영 김옥빈 최다니엘 이대연 박철민 신다은 오광록"
"491","미확인 동영상 : 절대클릭금지","박보영 주원 강별 최대호 전희수 박민영 이맑음"
"492","투캅스","김현우 김혜옥 박중훈 홍윤정 지수원 최종원 안성기"
"493","맹부삼천지교","손창민 조재현 소이현 손현주 김뢰하 김홍석 홍상석"
"494","숙명","송승헌 권상우 김인권 박한별 임정희 박유택 최재환"
"495","무사","장쯔이 정우성 주진모 안성기 박용우 한영목 정석용"
"496","2009로스트메모리즈","장동건 나카무라 토오루 천호진 신구 조성철 박제현 서상우"
"497","올드미스다이어리","예지원 최찬숙 지현우 김지영 김혜옥 김호준 안몽식"
"498","살인의뢰","김상경 김성균 박성웅 윤승아 조재윤 김의성 기주봉"
"499","좋아해줘","이미연 최지우 김주혁 유아인 강하늘 이솜 하석진"
"500","만추","현빈 탕웨이 김서라 NA NA NA NA"
